{
  "version": "2019.2",
  "applications": [],
  "platforms": [
    {
      "name": "design_1_wrapper"
    }
  ],
  "systems": [
    {
      "name": "adc_receive_system",
      "platform": "C:/Users/Oleg/Documents/work/Digitizer/software/design_1_wrapper/export/design_1_wrapper/design_1_wrapper.xpfm",
      "sysConfig": "design_1_wrapper",
      "applications": [
        {
          "name": "adc_receive",
          "platform": "C:/Users/Oleg/Documents/work/Digitizer/software/design_1_wrapper/export/design_1_wrapper/design_1_wrapper.xpfm",
          "sysConfig": "design_1_wrapper",
          "domain": "free_rtos",
          "system": "adc_receive_system"
        }
      ]
    },
    {
      "name": "dma_test_system",
      "platform": "C:/Users/Oleg/Documents/work/Digitizer/software/design_1_wrapper/export/design_1_wrapper/design_1_wrapper.xpfm",
      "sysConfig": "design_1_wrapper",
      "applications": [
        {
          "name": "dma_test",
          "platform": "C:/Users/Oleg/Documents/work/Digitizer/software/design_1_wrapper/export/design_1_wrapper/design_1_wrapper.xpfm",
          "sysConfig": "design_1_wrapper",
          "domain": "standalone_domain",
          "system": "dma_test_system"
        }
      ]
    },
    {
      "name": "echo_system",
      "platform": "C:/Users/Oleg/Documents/work/Digitizer/software/design_1_wrapper/export/design_1_wrapper/design_1_wrapper.xpfm",
      "sysConfig": "design_1_wrapper",
      "applications": [
        {
          "name": "echo",
          "platform": "C:/Users/Oleg/Documents/work/Digitizer/software/design_1_wrapper/export/design_1_wrapper/design_1_wrapper.xpfm",
          "sysConfig": "design_1_wrapper",
          "domain": "standalone_domain",
          "system": "echo_system"
        }
      ]
    },
    {
      "name": "memtest_system",
      "platform": "C:/Users/Oleg/Documents/work/Digitizer/software/design_1_wrapper/export/design_1_wrapper/design_1_wrapper.xpfm",
      "sysConfig": "design_1_wrapper",
      "applications": [
        {
          "name": "memtest",
          "platform": "C:/Users/Oleg/Documents/work/Digitizer/software/design_1_wrapper/export/design_1_wrapper/design_1_wrapper.xpfm",
          "sysConfig": "design_1_wrapper",
          "domain": "standalone_domain",
          "system": "memtest_system"
        }
      ]
    },
    {
      "name": "modbus_system",
      "platform": "C:/Users/Oleg/Documents/work/Digitizer/software/design_1_wrapper/export/design_1_wrapper/design_1_wrapper.xpfm",
      "sysConfig": "design_1_wrapper",
      "applications": [
        {
          "name": "modbus",
          "platform": "C:/Users/Oleg/Documents/work/Digitizer/software/design_1_wrapper/export/design_1_wrapper/design_1_wrapper.xpfm",
          "sysConfig": "design_1_wrapper",
          "domain": "standalone_domain",
          "system": "modbus_system"
        }
      ]
    },
    {
      "name": "zybo_system",
      "platform": "C:/Users/Oleg/Documents/work/Digitizer/software/design_1_wrapper/export/design_1_wrapper/design_1_wrapper.xpfm",
      "sysConfig": "design_1_wrapper",
      "applications": [
        {
          "name": "hello_world",
          "platform": "C:/Users/Oleg/Documents/work/Digitizer/software/design_1_wrapper/export/design_1_wrapper/design_1_wrapper.xpfm",
          "sysConfig": "design_1_wrapper",
          "domain": "standalone_domain",
          "system": "zybo_system"
        }
      ]
    }
  ],
  "others": []
}