{
  "version": "2019.2",
  "applications": [],
  "platforms": [],
  "systems": [
    {
      "name": "adc_receiver_system",
      "platform": "C:/Project/digitizer/soft1/zybo/export/zybo/zybo.xpfm",
      "sysConfig": "zybo",
      "applications": [
        {
          "name": "adc_receiver",
          "platform": "C:/Project/digitizer/soft1/zybo/export/zybo/zybo.xpfm",
          "platformPath": "C:\\Project\\digitizer\\soft1\\zybo\\export\\zybo",
          "sysConfig": "zybo",
          "domain": "freertos",
          "system": "adc_receiver_system"
        }
      ],
      "platformPath": "C:\\Project\\digitizer\\soft1\\zybo\\export\\zybo"
    },
    {
      "name": "dma_test_system",
      "platform": "C:/Project/digitizer/soft1/zybo/export/zybo/zybo.xpfm",
      "sysConfig": "zybo",
      "applications": [
        {
          "name": "dma_test",
          "platform": "C:/Project/digitizer/soft1/zybo/export/zybo/zybo.xpfm",
          "platformPath": "C:\\Project\\digitizer\\soft1\\zybo\\export\\zybo",
          "sysConfig": "zybo",
          "domain": "standalone_domain",
          "system": "dma_test_system"
        }
      ],
      "platformPath": "C:\\Project\\digitizer\\soft1\\zybo\\export\\zybo"
    }
  ],
  "others": []
}